title,company,location,apply_link
Energy engineer,Vasquez-Davidson,"Christopherville, AA",https://www.realpython.com
Software Engineer (Python),Garcia PLC,"Ericberg, AE",https://www.realpython.com
Materials engineer,Smith and Sons,"South Davidtown, AP",https://www.realpython.com
Materials engineer,"Davis, Serrano and Cook","South Tammyberg, AP",https://www.realpython.com
Structural engineer,Pierce-Long,"Herbertside, AA",https://www.realpython.com
Broadcast engineer,"Morgan, Butler and Bennett","Loribury, AA",https://www.realpython.com
"Engineer, communications",Dixon Inc,"Wrightberg, AP",https://www.realpython.com
"Engineer, broadcasting (operations)",Taylor PLC,"Gileston, AA",https://www.realpython.com
Manufacturing systems engineer,Garcia PLC,"Joybury, AE",https://www.realpython.com
"Engineer, automotive",Martinez-Berry,"New Jeffrey, AP",https://www.realpython.com
Manufacturing systems engineer,Stanley-Frederick,"Stevensland, AP",https://www.realpython.com
